ticker,date_buy,date_peak,date_sell,price_entry,price_peak,price_exit,target_price,dd_price,average_projected,exit_reason,hold_days,pnl,return_pct,after_max_pct,after_min_pct,status
ROP,2026-01-29,2026-02-02,2026-02-11,363.1611022949219,370.7327575683594,332.1182861328125,405.14252533924366,342.92780075073244,23.11999979019165,7.5% dd,10,-427.397317140254,-8.547946342805082,28.32777657915406,-5.473335482279829,Closed
IQV,2026-02-06,2026-02-09,2026-02-11,187.49000549316406,192.6699981689453,177.17999267578125,212.36367937645275,178.21974830627443,26.53333314259847,7.5% dd,4,-274.94833098606705,-5.498966619721341,53.3017306385267,-11.581436878836016,Closed
UBER,2026-02-06,2026-03-17,2026-03-23,74.7699966430664,77.79000091552734,75.12000274658203,90.21000114000957,71.9557508468628,41.300000508626304,30d,31,23.40551820447945,0.468110364089589,6.962187881145976,-12.220447243784838,Closed
VRTX,2026-03-10,2026-03-10,2026-03-18,499.1700134277344,499.1700134277344,451.5899963378906,557.1569290354983,461.7322624206543,23.23333295186361,7.5% dd,7,-476.59129965678494,-9.5318259931357,23.55455756269167,-6.277819777545179,Closed
IR,2026-04-30,2026-04-30,2026-05-12,79.81878662109375,79.81878662109375,73.1722183227539,90.36816935781826,73.83237762451172,26.433332761128742,7.5% dd,9,-416.3536292459339,-8.327072584918678,22.968473319668202,-6.352672954548555,Closed
UBER,2026-05-07,2026-05-07,2026-05-26,76.7300033569336,76.7300033569336,70.12000274658203,90.7460171083323,70.97525310516357,36.53333282470703,7.5% dd,13,-430.73115607743966,-8.614623121548794,14.58926886313865,-5.961209557111058,Closed
HD,2026-05-20,2026-06-30,2026-06-30,306.0126953125,350.1000061035156,350.1000061035156,348.39545478062706,323.84250564575194,27.700000762939453,50% target,28,720.351009391844,14.407020187836878,1.48009815485024,-14.584403504265186,Closed
ULTA,2026-06-03,2026-06-26,2026-06-30,471.2099914550781,488.45001220703125,450.9800109863281,541.2632094732134,451.8162612915039,29.733333031336468,7.5% dd,19,-214.65992694977285,-4.293198538995457,25.315980896367396,0.3348217684292498,Closed
AVGO,2026-06-04,2026-06-04,2026-06-05,418.248046875,418.248046875,385.1204833984375,473.317373046875,386.87944335937505,26.333333333333332,7.5% dd,2,-396.02771279005174,-7.920554255801035,11.071736821402345,-11.905493569224069,Closed
MU,2026-06-25,2026-06-25,2026-07-01,1213.3734130859375,1213.3734130859375,1032.121337890625,1398.637073856205,1122.3704071044922,20.387500256299973,7.5% dd,5,-746.8932203415407,-14.937864406830814,1.255047522583319,-28.39989128503876,Closed
MU,2026-06-26,2026-06-30,2026-07-01,1132.1558837890625,1154.112548828125,1032.121337890625,1398.637073856205,1067.5541076660156,47.07499980926514,7.5% dd,4,-441.7878638922284,-8.835757277844568,1.255047522583319,-28.39989128503876,Closed
BLK,2026-07-17,2026-08-13,2026-08-28,1066.7257080078125,1176.80078125,1158.5345458984375,1224.6011148275866,1088.54072265625,29.600000381469727,30d,31,430.3301082997459,8.606602165994918,-0.7617128951822871,-10.46965376159752,Closed
ISRG,2026-07-17,2026-08-12,2026-08-26,345.4200134277344,401.2699890136719,370.4200134277344,433.3984674851501,371.1747398376465,25.479999923706053,7.5% dd,29,361.87827902493973,7.237565580498795,8.584846023491831,-5.469469529506821,Closed
NFLX,2026-07-17,2026-08-25,2026-08-25,68.94999694824219,82.2300033569336,82.2300033569336,80.24964813218118,76.06275310516358,28.799999237060547,50% target,28,963.017186110983,19.26034372221966,0.6080505649861845,-12.696098765908603,Closed
ISRG,2026-07-20,2026-08-12,2026-08-26,353.1700134277344,401.2699890136719,370.4200134277344,433.3984674851501,371.1747398376465,45.43333295981089,7.5% dd,28,244.21665690948703,4.88433313818974,8.584846023491831,-5.469469529506821,Closed
NFLX,2026-07-20,2026-08-25,2026-08-25,67.5999984741211,82.2300033569336,82.2300033569336,80.24964813218118,76.06275310516358,37.424999833106995,50% target,27,1082.100977296118,21.64201954592236,0.6080505649861845,-12.696098765908603,Closed
EFX,2026-07-22,2026-07-29,2026-07-31,169.9588623046875,186.5110321044922,172.1226043701172,188.99425482878405,172.52270469665527,22.39999993642171,7.5% dd,8,63.65487612969355,1.273097522593871,12.750559009140506,-7.699517039860993,Closed
GM,2026-07-22,2026-07-28,2026-09-02,81.96050262451172,90.1136474609375,84.69485473632812,90.36965006872481,83.3551239013672,20.519999694824214,30d,31,166.80913514790063,3.3361827029580127,3.619047945054943,-2.945701714529092,Closed
HAL,2026-07-22,2026-09-02,2026-09-02,32.87741470336914,37.630001068115234,37.630001068115234,37.66107860541804,34.807750988006596,29.100000381469727,30d,31,722.7737350435691,14.455474700871381,-0.9035347938801452,-10.935428013988368,Closed
MSCI,2026-07-22,2026-07-29,2026-09-02,568.9153442382812,580.8426513671875,560.6300048828125,645.2448195902507,537.2794525146485,26.833333333333332,30d,31,-72.81697918133978,-1.4563395836267956,2.5007615377597547,-3.570986097227302,Closed
GEV,2026-07-23,2026-07-23,2026-07-28,1031.18994140625,1031.18994140625,943.3800048828125,1199.4457629120257,953.8506958007813,32.63333257039388,7.5% dd,4,-425.76994304119034,-8.515398860823806,14.375966674641827,-7.273844554900388,Closed
GOOG,2026-07-23,2026-08-04,2026-08-04,318.1334533691406,375.1064758300781,375.1064758300781,372.5872965420195,346.9734901428223,34.233333587646484,50% target,9,895.4264610900545,17.908529221801093,-4.054878949165552,-12.456855308579783,Closed
LVS,2026-07-23,2026-07-30,2026-08-07,45.73793029785156,49.553565979003906,45.77000045776367,53.1899481010437,45.83704853057861,32.325000286102295,7.5% dd,12,3.5058604207997632,0.07011720841599527,3.2772558116624717,-12.650209433295345,Closed
T,2026-07-23,2026-08-24,2026-08-24,22.959999084472656,25.690000534057617,25.690000534057617,25.425329029960633,23.763250494003298,21.475000381469727,50% target,23,594.512534504237,11.89025069008474,4.009337321466333,-2.1019887283048377,Closed
TSLA,2026-07-23,2026-09-03,2026-09-04,319.69000244140625,376.3699951171875,354.0799865722656,384.63561100006103,348.1422454833984,27.888888676961265,30d,32,537.8645542280055,10.75729108456011,6.060783660890801,0.7060551555601036,Closed
LVS,2026-07-24,2026-07-30,2026-08-07,45.78761672973633,49.553565979003906,45.77000045776367,53.1899481010437,45.83704853057861,32.333333333333336,7.5% dd,11,-1.9236939188858742,-0.03847387837771748,3.2772558116624717,-12.650209433295345,Closed
TMUS,2026-07-24,2026-09-03,2026-09-08,179.0565643310547,188.02000427246094,181.69000244140625,218.56755922420103,173.91850395202638,24.699999888737995,30d,32,73.53648608723051,1.4707297217446103,0.6659647965321147,-8.46221574847429,Closed
TSLA,2026-07-24,2026-09-03,2026-09-04,313.0299987792969,376.3699951171875,354.0799865722656,384.63561100006103,348.1422454833984,45.75,30d,31,655.6877608064524,13.113755216129046,6.060783660890801,0.7060551555601036,Closed
TMUS,2026-07-27,2026-09-03,2026-09-08,176.193115234375,188.02000427246094,181.69000244140625,218.56755922420103,173.91850395202638,48.09999974568685,30d,31,155.9904085843309,3.119808171686618,0.6659647965321147,-8.46221574847429,Closed
BKR,2026-07-28,2026-08-17,2026-09-09,58.245723724365234,64.9000015258789,63.63999938964844,65.63322286861236,60.03250141143799,25.366666158040363,30d,31,463.061948617069,9.261238972341381,-6.662473137074231,-11.502199505072397,Closed
SLB,2026-07-28,2026-08-28,2026-08-28,49.722007751464844,57.03407287597656,57.03407287597656,55.680361648736316,52.75651741027832,23.96666653951009,50% target,24,735.2946366386723,14.705892732773446,4.831665010159769,-10.36936982731752,Closed
RCL,2026-07-29,2026-08-05,2026-08-17,321.6684875488281,325.48583984375,300.0072326660156,359.83981514697837,301.07440185546875,23.733333587646484,7.5% dd,14,-336.7015377831249,-6.734030755662497,-0.40757277478560283,-18.06530950130698,Closed
STX,2026-07-29,2026-08-17,2026-08-18,764.4299926757812,994.7899780273438,903.6799926757812,1021.7604898934784,920.180729675293,39.36000003814697,7.5% dd,15,910.809369950116,18.21618739900232,0.07746239959993684,-14.59255446463108,Closed
BSX,2026-07-30,2026-08-19,2026-08-27,46.0,52.0099983215332,46.66999816894531,55.682999795277915,48.10924844741822,42.09999910990397,7.5% dd,21,72.82588792883871,1.4565177585767741,3.6425987350277023,-7.906575469215138,Closed
CTSH,2026-07-30,2026-08-21,2026-08-21,53.58580017089844,61.869998931884766,61.869998931884766,61.45398169304963,57.22974901199341,29.366666158040363,50% target,17,772.9845159133538,15.459690318267075,4.477130282179709,-5.931789610964378,Closed
GLW,2026-07-30,2026-08-04,2026-08-04,134.9658660888672,159.58949279785156,159.58949279785156,156.98779570891443,147.6202808380127,32.63333205382029,50% target,4,912.2168227621032,18.244336455242063,8.330728682876142,-10.037932443287067,Closed
KLAC,2026-07-30,2026-08-12,2026-08-12,180.1264190673828,208.014892578125,208.014892578125,205.43418071730753,192.41377563476564,28.099999745686848,50% target,10,774.136122150674,15.48272244301348,0.5378117998330989,-19.54422179292019,Closed
META,2026-07-30,2026-08-11,2026-08-18,539.030029296875,599.1199951171875,543.6699829101562,662.4292549328957,554.1859954833984,35.81249976158142,7.5% dd,14,43.03984343259799,0.8607968686519598,37.51817150714416,0.39730613195256836,Closed
MSFT,2026-07-30,2026-08-28,2026-09-11,450.2524108886719,513.530029296875,495.6300048828125,525.4820845413208,475.0152770996094,33.416666666666664,30d,31,503.91283751904757,10.078256750380952,1.9732459058061425,-1.0754024246582894,Closed
QCOM,2026-07-30,2026-09-09,2026-09-09,150.77938842773438,176.39999389648438,176.39999389648438,175.05486928157606,163.16999435424805,32.1999990940094,50% target,29,849.6056966376891,16.99211393275378,9.946153080952037,0.2721150810298889,Closed
STX,2026-07-30,2026-08-17,2026-08-18,851.6799926757812,994.7899780273438,903.6799926757812,1021.7604898934784,920.180729675293,39.94000062942505,7.5% dd,14,305.27898064523015,6.105579612904603,0.07746239959993684,-14.59255446463108,Closed
TER,2026-07-30,2026-08-04,2026-08-10,365.3496398925781,403.405029296875,364.9598083496094,421.9179422369959,373.1496520996094,30.96666653951009,7.5% dd,8,-5.335047587338522,-0.10670095174677044,21.374967461752448,-9.79828335188142,Closed
XYL,2026-07-30,2026-08-11,2026-08-18,116.37711334228516,122.71299743652344,113.5080337524414,135.63752582240508,113.50952262878418,33.10000038146973,7.5% dd,14,-123.26648717455646,-2.465329743491129,1.9922736843166478,-6.887645792619502,Closed
AMZN,2026-07-31,2026-08-03,2026-08-14,271.5799865722656,284.0199890136719,262.6499938964844,304.9390602082317,262.7184898376465,24.566665649414062,7.5% dd,11,-164.40815077154184,-3.2881630154308366,1.4391771814724175,-6.354459383385724,Closed
CVNA,2026-07-31,2026-08-14,2026-08-18,62.36000061035156,75.58999633789062,65.0,79.70647387557983,69.92074661254883,55.63333257039388,7.5% dd,13,211.67409908669924,4.233481981733985,16.56922560471754,0.16923170823317513,Closed
META,2026-07-31,2026-08-11,2026-08-18,556.7100219726562,599.1199951171875,543.6699829101562,662.4292549328957,554.1859954833984,37.97999992370605,7.5% dd,13,-117.11697785045908,-2.342339557009182,37.51817150714416,0.39730613195256836,Closed
PTC,2026-07-31,2026-08-13,2026-08-13,137.1999969482422,153.88999938964844,153.88999938964844,153.18379650548297,142.3482494354248,23.299999872843426,50% target,10,608.2362541051098,12.164725082102196,3.288061328651959,-16.355837461026333,Closed
RDDT,2026-07-31,2026-08-14,2026-08-14,140.6699981689453,178.08999633789062,178.08999633789062,164.61906574289918,164.73324661254884,34.05000054836273,50% target,11,1330.0632208725747,26.601264417451493,-7.630971204079473,-18.78263666465433,Closed
COIN,2026-08-03,2026-08-21,2026-08-21,146.5,186.49000549316406,186.49000549316406,185.39575000000002,172.50325508117677,53.1,50% target,15,1364.8466038622546,27.29693207724509,8.357011633875144,-11.786160297546788,Closed
MPWR,2026-08-03,2026-08-12,2026-08-19,1344.3699951171875,1425.010009765625,1300.1400146484375,1520.1463718184984,1318.134259033203,26.149999976158146,7.5% dd,13,-164.5007722181963,-3.290015444363926,1.2414058844886666,-12.127928679556465,Closed
APTV,2026-08-05,2026-08-17,2026-08-26,47.0099983215332,50.040000915527344,46.27000045776367,59.961252500457775,46.287000846862796,55.099998474121094,7.5% dd,16,-78.70643375779218,-1.5741286751558436,3.6308629534363757,-6.332397398289102,Closed
ANET,2026-08-06,2026-08-12,2026-08-18,192.32000732421875,210.5,193.17999267578125,224.82208828689573,194.7125,33.799999713897705,7.5% dd,9,22.358187365101003,0.4471637473020201,6.009939460882419,-4.881454101516525,Closed
APP,2026-08-06,2026-08-07,2026-08-11,335.6700134277344,346.79998779296875,318.67999267578125,501.71477324076307,320.7899887084961,98.93332926432292,7.5% dd,4,-253.0762366655499,-5.061524733310999,5.328232514302611,-6.304128530067398,Closed
DIS,2026-08-06,2026-08-25,2026-09-18,104.68000030517578,111.25,102.66999816894531,116.27331051367759,102.90625,22.15000033378601,30d + 7.5% dd,31,-96.0069798610366,-1.920139597220732,1.8311141680541487,1.8311141680541487,Closed
PODD,2026-08-06,2026-08-19,2026-09-09,139.3000030517578,151.50999450683594,137.9199981689453,155.7374036775589,140.14674491882326,23.600000381469727,7.5% dd,24,-49.53355536897379,-0.9906711073794758,2.6319641321093323,-4.321339569463611,Closed
UBER,2026-08-06,2026-08-25,2026-09-08,70.47000122070312,80.3499984741211,73.12999725341797,88.67363624673843,74.32374858856201,51.17500019073486,7.5% dd,23,188.73250933997224,3.774650186799445,-0.6837139597685837,-3.5963316726297934,Closed
XYZ,2026-08-06,2026-08-27,2026-09-01,79.0199966430664,84.8499984741211,77.87999725341797,87.93608611357371,78.48624858856202,22.56666628519694,7.5% dd,19,-72.13360149822711,-1.4426720299645421,7.049313927554257,-2.0544408455932195,Closed
UBER,2026-08-07,2026-08-25,2026-09-08,75.0199966430664,80.3499984741211,73.12999725341797,88.67363624673843,74.32374858856201,36.40000057220459,7.5% dd,22,-125.96637391499462,-2.5193274782998922,-0.6837139597685837,-3.5963316726297934,Closed
WDC,2026-08-07,2026-08-17,2026-08-19,434.1606140136719,535.8380126953125,461.94171142578125,546.1016928789273,495.65016174316406,51.56666692097982,7.5% dd,9,319.9403229519403,6.398806459038806,4.4027821801892575,-10.819919209381368,Closed
ALB,2026-08-10,2026-08-21,2026-09-03,130.7694549560547,142.76901245117188,131.7162628173828,158.12206678243925,132.06133651733398,41.833334604899086,7.5% dd,19,36.201414988167016,0.7240282997633404,-1.959741927770775,-16.88953294060801,Closed
DDOG,2026-08-10,2026-08-10,2026-08-12,260.7799987792969,260.7799987792969,240.91000366210938,296.9958212341213,241.22149887084962,27.77500009536743,7.5% dd,3,-380.9723753776807,-7.619447507553614,6.039601025520325,-13.150142149764532,Closed
MCHP,2026-08-10,2026-08-10,2026-08-24,80.90324401855469,80.90324401855469,74.20999908447266,95.14221501725721,74.83550071716309,35.20000012715658,7.5% dd,11,-413.6573888524772,-8.273147777049545,1.7248333042557462,-6.225579845814466,Closed
LITE,2026-08-12,2026-08-17,2026-08-18,932.469970703125,968.9000244140625,873.3099975585938,1057.4209476666165,896.2325225830078,26.800000190734863,7.5% dd,5,-317.221867745091,-6.34443735490182,13.245008442995122,-5.234111838916555,Closed
COHR,2026-08-14,2026-08-17,2026-08-18,325.8299865722656,351.2200012207031,306.42999267578125,371.9892346700032,324.8785011291504,28.333333333333332,7.5% dd,3,-297.7011738632855,-5.95402347726571,5.596708646803372,-13.712753326379246,Closed
CSCO,2026-08-14,2026-08-17,2026-09-18,111.68000030517578,112.9000015258789,109.51000213623047,127.42688034820557,104.432501411438,28.2,open,25,-97.15249655334901,-1.9430499310669802,1.0501337808835887,1.0501337808835887,Open
TPR,2026-08-14,2026-08-18,2026-09-01,128.49290466308594,131.76051330566406,121.67874145507812,154.21718427466806,121.87847480773927,40.04000015258789,7.5% dd,13,-265.15717836229396,-5.303143567245879,0.8187325393029576,-7.09140997033233,Closed
AMAT,2026-08-17,2026-08-17,2026-08-21,534.7382202148438,534.7382202148438,492.32000732421875,656.9259030239695,494.6328536987305,45.69999980926514,7.5% dd,5,-396.6259684372526,-7.9325193687450515,-1.6513659331050645,-15.628047062230642,Closed
KEYS,2026-08-19,2026-09-11,2026-09-18,319.45001220703125,338.6400146484375,335.0,369.9606370611,313.2420135498047,23.23333295186361,open,22,243.38687116548044,4.867737423309609,2.0865642490671688,2.0865642490671688,Open
KEYS,2026-08-20,2026-09-11,2026-09-18,316.510009765625,338.6400146484375,335.0,369.9606370611,313.2420135498047,33.77499961853027,open,21,292.0917137512779,5.841834275025557,2.0865642490671688,2.0865642490671688,Open
TJX,2026-08-20,2026-08-24,2026-09-08,140.69000244140625,140.7100067138672,128.9199981689453,156.6281700309513,130.15675621032716,22.657143098967417,7.5% dd,13,-418.2956879740914,-8.365913759481828,1.7840545178597678,-4.716104496904395,Closed
WMT,2026-08-21,2026-09-14,2026-09-18,103.69999694824219,109.08000183105469,106.7300033569336,118.5659634793415,100.8990016937256,20.383333047231037,open,20,146.09481667601722,2.921896333520344,0.7167613281994223,0.7167613281994223,Open
WMT,2026-08-24,2026-09-14,2026-09-18,106.48999786376953,109.08000183105469,106.7300033569336,118.5659634793415,100.8990016937256,22.67999973297119,open,19,11.268921869595943,0.22537843739191885,0.7167613281994223,0.7167613281994223,Open
NVDA,2026-08-27,2026-09-04,2026-09-14,227.7251739501953,230.10252380371094,210.9600067138672,283.10252079433866,212.84483451843263,47.09999901907785,7.5% dd,12,-368.1008767171861,-7.362017534343722,7.755024691737544,0.5735643802473378,Closed
META,2026-08-28,2026-09-17,2026-09-17,578.02001953125,682.3099975585938,682.3099975585938,674.8383728027344,631.1367477416992,33.5,50% target,14,902.1311935866734,18.04262387173347,9.57556275101268,-2.427048939316123,Closed
MRVL,2026-08-28,2026-09-18,2026-09-18,216.6199951171875,244.25,244.25,246.7955650774384,225.93125,27.059999847412108,open,15,637.7528738255487,12.755057476510975,6.329576849571383,6.329576849571383,Open
NVDA,2026-08-28,2026-09-04,2026-09-14,217.3068389892578,230.10252380371094,210.9600067138672,283.10252079433866,212.84483451843263,60.55555555555556,7.5% dd,11,-146.03388243350219,-2.920677648670044,7.755024691737544,0.5735643802473378,Closed
MRVL,2026-08-31,2026-09-18,2026-09-18,211.66000366210938,244.25,244.25,246.7955650774384,225.93125,33.20000076293945,open,14,769.8666676278799,15.397333352557599,6.329576849571383,6.329576849571383,Open
DELL,2026-09-02,2026-09-17,2026-09-17,492.20001220703125,588.4000244140625,588.4000244140625,568.6140645715714,544.2700225830079,31.050000190734863,50% target,11,977.2451221168112,19.544902442336223,-2.183894644445339,-3.456836507735306,Closed
PANW,2026-09-02,2026-09-14,2026-09-14,328.4800109863281,373.94000244140625,373.94000244140625,373.32185636049064,345.8945022583008,22.36666679382324,50% target,8,691.9750050935409,13.839500101870817,0.4572903256976568,-2.7705021665244134,Closed
HPE,2026-09-03,2026-09-11,2026-09-14,54.302650451660156,61.933349609375,55.27020263671875,66.16777936819973,57.28834838867188,43.699999237060545,7.5% dd,7,89.08885450443177,1.7817770900886352,10.439256604019453,0.8482235046883169,Closed
PANW,2026-09-03,2026-09-14,2026-09-14,331.94000244140625,373.94000244140625,373.94000244140625,373.32185636049064,345.8945022583008,24.933333502875435,50% target,7,632.6444491638786,12.652888983277572,0.4572903256976568,-2.7705021665244134,Closed
JBHT,2026-09-17,2026-09-17,2026-09-18,236.8000030517578,236.8000030517578,234.25,262.8716834780884,219.04000282287598,22.020000076293947,open,2,-53.84296914895822,-1.0768593829791644,0.6744938446338056,0.6744938446338056,Open
GNRC,2026-09-18,2026-09-18,2026-09-18,207.44000244140625,207.44000244140625,207.44000244140625,264.6242969753011,191.8820022583008,55.13333384195963,open,1,0.0,0.0,-0.8339740200435597,-0.8339740200435597,Open
ON,2026-09-18,2026-09-18,2026-09-18,69.9800033569336,69.9800033569336,69.9800033569336,80.45367696466604,64.73150310516358,29.933332681655884,open,1,0.0,0.0,1.8290921947634597,1.8290921947634597,Open
