signal_name,date,ticker,average_projected,analyst_projections_count,mad,signal_score,analyst_percent_list,signal_percentile
yahoo-daily,2026-08-28,NVDA,60.55555555555556,9,0.4032619775739042,325.22222222222223,Benchmark:47.3|Cantor Fitzgerald:53.9|DA Davidson:31.9|Evercore ISI Group:104.5|Keybanc:45.1|Morgan Stanley:31.9|Raymond James:126.5|Truist Securities:52.2|Wedbush:51.7,1
yahoo-daily,2026-08-27,NVDA,47.09999901907785,7,0.20260843877201257,262.8999922616141,Bernstein:79.5|Citigroup:41.3|JP Morgan:43.6|Mizuho:41.3|Oppenheimer:41.3|RBC Capital:48.1|UBS:34.6,0.9996957712199575
yahoo-daily,2026-07-30,META,35.81249976158142,8,0.20270506010142128,228.4249987602234,Baird:42.6|DA Davidson:33.1|Goldman Sachs:37.8|Piper Sandler:49.2|Susquehanna:23.6|TD Cowen:42.6|UBS:35.9|Wells Fargo:21.7,0.9993915424399148
yahoo-daily,2026-09-03,PANW,24.933333502875435,10,0.21182411610418264,196.5185217209804,BTIG:21.2|Barclays:12.5|Cantor Fitzgerald:27.5|DA Davidson:26|Morgan Stanley:18.2|Needham:27.5|RBC Capital:42.5|Rosenblatt:24.5|Susquehanna:24.5,0.998478856099787
yahoo-daily,2026-07-18,ISRG,45.43333295981089,6,0.43727072136273104,153.40000009536743,Baird:37|Bernstein:87.7|Citigroup:37|Evercore ISI Group:2.7|RBC Capital:57.5|Stifel:50.7,0.9981746273197445
yahoo-daily,2026-07-31,META,37.97999992370605,5,0.23233280961764935,145.7799991607666,B of A Securities:49|Barclays:43.5|Cantor Fitzgerald:25.1|Guggenheim:28.8|Keybanc:43.5,0.9975661697596593
yahoo-daily,2026-07-23,TSLA,27.888888676961262,9,0.4195661791987591,145.68888791402182,Canaccord Genuity:20.2|JP Morgan:30.5|Mizuho:32|Morgan Stanley:17.3|RBC Capital:46.6|Roth Capital:48.1|TD Cowen:34.9|Truist Securities:8.5|UBS:12.9,0.9972619409796166
yahoo-daily,2026-08-01,COIN,53.1,5,0.47382296402351104,139.70000305175785,Benchmark:50.2|Canaccord Genuity:96|HC Wainwright & Co.:73.1|Needham:15.6|Rosenblatt:30.6,0.9966534834195315
yahoo-daily,2026-07-30,MSFT,33.416666666666664,6,0.3067331670822943,138.99999999999997,Bernstein:47.8|Citigroup:37|DA Davidson:25.6|Evercore ISI Group:20.6|RBC Capital:46.2|TD Cowen:23.3,0.9963492546394889
yahoo-daily,2026-08-06,UBER,51.17500019073486,4,0.33463603287736055,136.20000457763672,Barclays:54.5|Bernstein:38.4|Guggenheim:82.1|Wells Fargo:29.7,0.9960450258594463
yahoo-daily,2026-06-26,MU,47.07499980926514,4,0.3029739647417032,131.25000190734863,B of A Securities:36.1|Barclays:75.6|Needham:44.9|Rosenblatt:31.7,0.9951323395193186
yahoo-daily,2026-08-15,AMAT,45.69999980926514,4,0.31728663253486444,124.80000305175781,Cantor Fitzgerald:70.2|JP Morgan:32.2|Keybanc:50.2|Stifel:30.2,0.9945238819592334
yahoo-daily,2026-07-30,STX,39.94000062942505,5,0.37596394534256183,124.62000207901002,Argus Research:2.4|Barclays:42.2|Cantor Fitzgerald:47.9|Citigroup:47.9|Rosenblatt:59.3,0.9942196531791907
yahoo-daily,2026-06-03,ULTA,29.733333031336468,6,0.333707029513233,118.8666647275289,B. Riley Securities:4.4|Canaccord Genuity:52.7|Evercore ISI Group:32.6|JP Morgan:31.8|Morgan Stanley:31.6|Piper Sandler:25.3,0.9936111956191056
yahoo-daily,2026-08-20,KEYS,33.77499961853027,4,0.12657289909145825,118,Baird:30.3|Barclays:36.3|Susquehanna:39.8|Wells Fargo:28.7,0.9933069668390629
yahoo-daily,2026-07-17,BLK,29.600000381469727,5,0.21351350045186765,116.40000343322754,"B of A Securities:23.6|Barclays:35.7|JP Morgan:27.7|Keefe, Bruyette & Woods:21.7|Morgan Stanley:39.3",0.9926985092789777
yahoo-daily,2026-07-29,STX,39.36000003814697,5,0.4107723561624469,115.9600004196167,JP Morgan:57.6|Morgan Stanley:50.9|Susquehanna:11.2|Wedbush:27.1|Wells Fargo:50,0.9923942804989352
yahoo-daily,2026-09-03,HPE,43.699999237060545,5,0.4851258596097455,112.49999771118162,Citigroup:59.7|Morgan Stanley:40.8|Raymond James:80.7|UBS:23.9|Wells Fargo:13.4,0.9911773653787649
yahoo-daily,2026-07-23,LVS,32.325000286102295,4,0.13031710120655804,112.44999980926514,Barclays:32.9|Goldman Sachs:23.9|JP Morgan:35.1|Mizuho:37.4,0.9908731365987222
yahoo-daily,2026-08-06,ANET,33.799999713897705,4,0.1923076798278849,109.20000076293945,B of A Securities:24.7|Evercore ISI Group:29.9|Needham:35.1|Rosenblatt:45.5,0.9905689078186797
yahoo-daily,2026-08-14,TPR,40.04000015258789,5,0.45774226819269037,108.5599983215332,Barclays:44.6|Evercore ISI Group:25|Morgan Stanley:24.3|UBS:81.3|Wells Fargo:25,0.990264679038637
yahoo-daily,2026-09-02,DELL,31.050000190734863,4,0.14170694187362756,106.5999984741211,Citigroup:29.9|Goldman Sachs:23.4|JP Morgan:37.4|Raymond James:33.5,0.9893519926985093
yahoo-daily,2026-08-07,UBER,36.40000057220459,4,0.2802197705747829,104.80000305175781,Cantor Fitzgerald:26.2|DA Davidson:40.3|Needham:52.9|Susquehanna:26.2,0.9884393063583815
yahoo-daily,2026-09-18,ON,29.933332681655884,6,0.46028209893983085,96.93333292007446,Cantor Fitzgerald:28.5|Mizuho:35.6|Needham:65.6|Rosenblatt:21.4|Truist Securities:7.1|Wells Fargo:21.4,0.9863097048980833
yahoo-daily,2026-08-22,WMT,22.67999973297119,5,0.15978834888673282,95.28000011444091,Baird:15.7|Guggenheim:25.4|Morgan Stanley:20.6|RBC Capital:26.3|Telsey Advisory Group:25.4,0.985092789777913
yahoo-daily,2026-08-14,CSCO,28.2,5,0.32482268421362476,95.2000015258789,Keybanc:19.7|Morgan Stanley:19.7|Rosenblatt:46.3|UBS:22.3|Wells Fargo:33,0.9847885609978704
yahoo-daily,2026-08-08,DDOG,27.77500009536743,4,0.1543654239961316,93.95000171661377,DA Davidson:34.2|Needham:27.8|Rosenblatt:29.9|UBS:19.2,0.9844843322178278
yahoo-daily,2026-08-21,WMT,20.383333047231037,6,0.24802398821827254,91.96666495005289,Citigroup:27.3|JP Morgan:20.6|Piper Sandler:23.4|Truist Securities:9.9|UBS:25.4|Wells Fargo:15.7,0.9823547307575297
yahoo-daily,2026-07-17,ISRG,25.479999923706053,5,0.2835164879585293,91.27999916076661,JP Morgan:23.3|Mizuho:9.6|Piper Sandler:28.8|Raymond James:32.3|Wells Fargo:33.4,0.9817462731974445
yahoo-daily,2026-09-17,JBHT,22.020000076293947,5,0.25504087382275575,82.02000007629394,B of A Securities:26.6|Barclays:19.4|Raymond James:25.7|UBS:10.6|Wells Fargo:27.8,0.976878612716763
yahoo-daily,2026-08-20,TJX,22.657143098967417,7,0.49900917963071145,79.45714495863236,BTIG:33.6|Barclays:32.2|Citigroup:8.3|Evercore ISI Group:21.7|Morgan Stanley:25.2|UBS:39.2|Wells Fargo:-1.6,0.9756616975965926
yahoo-daily,2026-08-06,PODD,23.600000381469727,5,0.4067796544417744,70.00000190734865,Bernstein:33.7|RBC Capital:22.2|Stifel:37.5|TD Cowen:10|UBS:14.6,0.9680559780955278
yahoo-daily,2026-07-23,T,21.475000381469727,4,0.250291031642447,64.4000015258789,Argus Research:29|Morgan Stanley:16.1|RBC Capital:16.1|Wolfe Research:24.7,0.9641010039549741
yahoo-daily,2026-08-28,MRVL,27.059999847412108,5,0.5339246104730272,63.059999847412115,B. Riley Securities:39.8|Craig-Hallum:33.2|Morgan Stanley:9.2|Oppenheimer:44.3|TD Cowen:8.8,0.9622756312747186
yahoo-daily,2026-08-01,MPWR,26.149999976158142,4,0.40535372977079326,62.199999809265144,Keybanc:40.1|Needham:33.4|Rosenblatt:5.1|Truist Securities:26,0.9604502585944631
yahoo-daily,2026-08-06,DIS,22.15000033378601,4,0.3408578020487529,58.399999618530266,Argus Research:30.7|Barclays:12.2|Guggenheim:17|Wells Fargo:28.7,0.9540614542135686
yahoo-daily,2026-01-29,ROP,23.11999979019165,5,0.6131487921815733,44.719999217987066,Citigroup:26.5|Goldman Sachs:23.7|Mizuho:2.6|Stifel:8.2|Truist Securities:54.6,0.912077882567691
yahoo-daily,2026-07-18,NFLX,37.424999833106995,4,0.7140948538303464,42.80000019073486,Guggenheim:14.5|Pivotal Research:6.9|TD Cowen:52.7|UBS:75.6,0.9050806206267112
yahoo-daily,2026-06-25,MU,20.387500256299973,8,0.7500000029235877,40.77500003576279,Deutsche Bank:25.7|Goldman Sachs:-10.8|Morgan Stanley:-2.7|Raymond James:21.7|Susquehanna:62.2|TD Cowen:29.8|Wedbush:13.5|Wells Fargo:23.7,0.8923030118649224
yahoo-daily,2026-07-31,RDDT,34.05000054836273,4,0.7158590560689314,38.69999718666076,B. Riley Securities:82.8|JP Morgan:25.3|Piper Sandler:32|Wells Fargo:-3.9,0.880742318223304
yahoo-daily,2026-07-30,QCOM,32.1999990940094,4,0.8074534055484965,24.800000667572025,Benchmark:84.2|Susquehanna:9.2|TD Cowen:19.4|Wells Fargo:16,0.7213264374809857
yahoo-daily,2026-07-22,GM,20.519999694824218,5,0.8717349146753339,13.159997558593751,Goldman Sachs:28|JP Morgan:49.1|Morgan Stanley:25.5|RBC Capital:24.2|Wells Fargo:-24.2,0.39580164283541225
