ticker,exchange
DOC,NYSE
DOC,NYSE
DOC,NYSE
GD,NYSE
GD,NYSE
GD,NYSE
GDDY,NYSE
GDDY,NYSE
GDDY,NYSE
GEHC,NASDAQ
GEHC,NASDAQ
GEHC,NASDAQ
GEN,NASDAQ
GEN,NASDAQ
GEN,NASDAQ
GEV,NYSE
GEV,NYSE
GEV,NYSE
GILD,NASDAQ
GILD,NASDAQ
GILD,NASDAQ
GIS,NYSE
GIS,NYSE
GIS,NYSE
GL,NYSE
GL,NYSE
GL,NYSE
GM,NYSE
GM,NYSE
GM,NYSE
GNRC,NYSE
GNRC,NYSE
GNRC,NYSE
GPC,NYSE
GPC,NYSE
GPC,NYSE
GPN,NYSE
GPN,NYSE
GPN,NYSE
GS,NYSE
GS,NYSE
GS,NYSE
HAL,NYSE
HAL,NYSE
HAL,NYSE
HAS,NASDAQ
HAS,NASDAQ
HAS,NASDAQ
HCA,NYSE
HCA,NYSE
HCA,NYSE
HD,NYSE
HD,NYSE
HD,NYSE
HIG,NYSE
HIG,NYSE
HIG,NYSE
HLT,NYSE
HLT,NYSE
HLT,NYSE
HON,NASDAQ
HON,NASDAQ
HON,NASDAQ
HONA,NASDAQ
HONA,NASDAQ
HONA,NASDAQ
HPE,NYSE
HPE,NYSE
HPE,NYSE
HPQ,NYSE
HPQ,NYSE
HPQ,NYSE
HRL,NYSE
HRL,NYSE
HRL,NYSE
HSIC,NASDAQ
HSIC,NASDAQ
HSIC,NASDAQ
HST,NASDAQ
HST,NASDAQ
HST,NASDAQ
HSY,NYSE
HSY,NYSE
HSY,NYSE
HUBB,NYSE
HUBB,NYSE
HUBB,NYSE
HWM,NYSE
HWM,NYSE
HWM,NYSE